<?xml version="1.0" encoding="UTF-8" standalone="no"?>

<!--UGC_VERSION = 1024-->
<XML_DOCUMENT xmlns:SOAP-ENC="http://schemas.xmlsoap.org/soap/encoding/">
    <PTC_HEADER>
        <VENDOR>Parametric Technology Corporation</VENDOR>
        <PRODUCT>Pro/ENGINEER 2902011220</PRODUCT>
        <XML_VERSION>1.0</XML_VERSION>
        <HOST_NAME>KAOS</HOST_NAME>
        <USER>Peter</USER>
        <MACHINE_TYPE> Intel64 Family 6 Model 58 Stepping 9  GenuineIntel  3403 MHz</MACHINE_TYPE>
    </PTC_HEADER>
    <zip_manifest_info pointer="TRUE" proe_version="1434" top_model_wname="0000592845.PRT"/>
</XML_DOCUMENT>
